Nivel,Facultad o Escuela,G輹ero
Licenciatura,FACULTAD DE DERECHO,Femenino
Licenciatura,ESCUELA DE PEDAGOG폜A,Femenino
Licenciatura,FACULTAD DE DERECHO,Masculino
Licenciatura,FACULTAD DE CIENCIAS ECON흀ICAS Y EMPRESARIALES,Femenino
Licenciatura,FACULTAD DE INGENIER페,Femenino
Licenciatura,FACULTAD DE CIENCIAS ECON흀ICAS Y EMPRESARIALES,Femenino
Licenciatura,FACULTAD DE CIENCIAS ECON흀ICAS Y EMPRESARIALES,Masculino
Licenciatura,FACULTAD DE INGENIER페,Femenino
Posgrado,FACULTAD DE INGENIER페,Masculino
Posgrado,FACULTAD DE DERECHO,Femenino
Licenciatura,FACULTAD DE INGENIER페,Masculino
Posgrado,FACULTAD DE CIENCIAS ECON흀ICAS Y EMPRESARIALES,Masculino
Posgrado,FACULTAD DE CIENCIAS ECON흀ICAS Y EMPRESARIALES,Femenino
Licenciatura,ESCUELA DE PEDAGOG폜A,Femenino
Posgrado,FACULTAD DE CIENCIAS ECON흀ICAS Y EMPRESARIALES,Masculino
Licenciatura,FACULTAD DE DERECHO,Masculino
Licenciatura,FACULTAD DE INGENIER페,Femenino
Licenciatura,FACULTAD DE DERECHO,Masculino
Licenciatura,FACULTAD DE CIENCIAS ECON흀ICAS Y EMPRESARIALES,Masculino
Licenciatura,FACULTAD DE INGENIER페,Masculino
Licenciatura,ESCUELA DE COMUNICACI흁,Femenino
Licenciatura,FACULTAD DE INGENIER페,Masculino
Licenciatura,ESCUELA DE COMUNICACI흁,Femenino
Licenciatura,FACULTAD DE INGENIER페,Femenino
Licenciatura,FACULTAD DE DERECHO,Femenino
Licenciatura,FACULTAD DE CIENCIAS ECON흀ICAS Y EMPRESARIALES,Masculino
Posgrado,FACULTAD DE INGENIER페,Femenino
Posgrado,FACULTAD DE INGENIER페,Masculino
Licenciatura,FACULTAD DE CIENCIAS ECON흀ICAS Y EMPRESARIALES,Masculino
Licenciatura,FACULTAD DE INGENIER페,Masculino
Posgrado,FACULTAD DE INGENIER페,Femenino
Posgrado,FACULTAD DE INGENIER페,Femenino
Licenciatura,FACULTAD DE INGENIER페,Masculino
Licenciatura,FACULTAD DE CIENCIAS ECON흀ICAS Y EMPRESARIALES,Femenino
Posgrado,FACULTAD DE CIENCIAS ECON흀ICAS Y EMPRESARIALES,Masculino
Licenciatura,ESCUELA DE COMUNICACI흁,Masculino
Licenciatura,ESCUELA DE PEDAGOG폜A,Masculino
Licenciatura,FACULTAD DE DERECHO,Masculino
Licenciatura,FACULTAD DE CIENCIAS ECON흀ICAS Y EMPRESARIALES,Masculino
Licenciatura,FACULTAD DE INGENIER페,Masculino
Posgrado,FACULTAD DE INGENIER페,Masculino
Posgrado,FACULTAD DE INGENIER페,Masculino
Licenciatura,ESCUELA DE PEDAGOG폜A,Femenino
Licenciatura,FACULTAD DE CIENCIAS ECON흀ICAS Y EMPRESARIALES,Femenino
Licenciatura,ESDAI,Femenino
Licenciatura,FACULTAD DE CIENCIAS ECON흀ICAS Y EMPRESARIALES,Femenino
Licenciatura,FACULTAD DE DERECHO,Femenino
Licenciatura,FACULTAD DE CIENCIAS ECON흀ICAS Y EMPRESARIALES,Femenino
Posgrado,FACULTAD DE INGENIER페,Masculino
Licenciatura,FACULTAD DE INGENIER페,Masculino
Licenciatura,ESCUELA DE COMUNICACI흁,Femenino
Posgrado,FACULTAD DE INGENIER페,Masculino
Licenciatura,FACULTAD DE CIENCIAS ECON흀ICAS Y EMPRESARIALES,Femenino
Posgrado,FACULTAD DE CIENCIAS ECON흀ICAS Y EMPRESARIALES,Masculino
Licenciatura,FACULTAD DE INGENIER페,Masculino
Licenciatura,FACULTAD DE INGENIER페,Masculino
Licenciatura,ESCUELA DE COMUNICACI흁,Femenino
Licenciatura,FACULTAD DE CIENCIAS ECON흀ICAS Y EMPRESARIALES,Masculino
Posgrado,ESCUELA DE PEDAGOG폜A,Femenino
Licenciatura,ESCUELA DE COMUNICACI흁,Femenino
Licenciatura,ESCUELA DE PEDAGOG폜A,Femenino
Licenciatura,FACULTAD DE CIENCIAS ECON흀ICAS Y EMPRESARIALES,Masculino
Licenciatura,FACULTAD DE INGENIER페,Masculino
Posgrado,FACULTAD DE INGENIER페,Femenino
Licenciatura,FACULTAD DE INGENIER페,Masculino
Posgrado,ESCUELA DE PEDAGOG폜A,Femenino
Licenciatura,FACULTAD DE INGENIER페,Femenino
Licenciatura,FACULTAD DE DERECHO,Femenino
Licenciatura,FACULTAD DE INGENIER페,Femenino
Licenciatura,ESCUELA DE COMUNICACI흁,Femenino
Licenciatura,FACULTAD DE INGENIER페,Femenino
Licenciatura,FACULTAD DE CIENCIAS ECON흀ICAS Y EMPRESARIALES,Masculino
Licenciatura,FACULTAD DE INGENIER페,Masculino
Licenciatura,FACULTAD DE INGENIER페,Femenino
Licenciatura,FACULTAD DE CIENCIAS ECON흀ICAS Y EMPRESARIALES,Masculino
Licenciatura,FACULTAD DE DERECHO,Masculino
Licenciatura,FACULTAD DE DERECHO,Masculino
Posgrado,FACULTAD DE DERECHO,Masculino
Licenciatura,FACULTAD DE CIENCIAS ECON흀ICAS Y EMPRESARIALES,Masculino
Posgrado,FACULTAD DE CIENCIAS ECON흀ICAS Y EMPRESARIALES,Masculino
Licenciatura,FACULTAD DE INGENIER페,Femenino
Licenciatura,FACULTAD DE CIENCIAS ECON흀ICAS Y EMPRESARIALES,Masculino
Posgrado,FACULTAD DE INGENIER페,Femenino
Licenciatura,FACULTAD DE CIENCIAS ECON흀ICAS Y EMPRESARIALES,Femenino
Licenciatura,ESCUELA DE COMUNICACI흁,Masculino
Licenciatura,ESCUELA DE PEDAGOG폜A,Femenino
Licenciatura,FACULTAD DE INGENIER페,Masculino
Licenciatura,ESDAI,Femenino
Licenciatura,FACULTAD DE CIENCIAS ECON흀ICAS Y EMPRESARIALES,Femenino
Licenciatura,ESCUELA DE COMUNICACI흁,Femenino
Licenciatura,ESCUELA DE PEDAGOG폜A,Masculino
Licenciatura,FACULTAD DE INGENIER페,Masculino
Licenciatura,ESDAI,Femenino
Licenciatura,FACULTAD DE CIENCIAS ECON흀ICAS Y EMPRESARIALES,Masculino
Licenciatura,FACULTAD DE CIENCIAS ECON흀ICAS Y EMPRESARIALES,Femenino
Licenciatura,FACULTAD DE CIENCIAS ECON흀ICAS Y EMPRESARIALES,Masculino
Licenciatura,FACULTAD DE CIENCIAS ECON흀ICAS Y EMPRESARIALES,Femenino
Posgrado,FACULTAD DE INGENIER페,Masculino
Licenciatura,FACULTAD DE INGENIER페,Femenino
Posgrado,FACULTAD DE INGENIER페,Femenino
Licenciatura,FACULTAD DE INGENIER페,Masculino
Licenciatura,FACULTAD DE DERECHO,Femenino
Licenciatura,ESCUELA DE COMUNICACI흁,Masculino
Posgrado,FACULTAD DE CIENCIAS ECON흀ICAS Y EMPRESARIALES,Masculino
Licenciatura,FACULTAD DE INGENIER페,Femenino
Licenciatura,FACULTAD DE DERECHO,Femenino
Licenciatura,ESCUELA DE COMUNICACI흁,Femenino
Licenciatura,FACULTAD DE CIENCIAS ECON흀ICAS Y EMPRESARIALES,Femenino
Licenciatura,FACULTAD DE DERECHO,Femenino
Licenciatura,FACULTAD DE INGENIER페,Masculino
Posgrado,ESDAI,Femenino
Licenciatura,FACULTAD DE CIENCIAS ECON흀ICAS Y EMPRESARIALES,Masculino
Licenciatura,FACULTAD DE INGENIER페,Femenino
Posgrado,FACULTAD DE INGENIER페,Masculino
Licenciatura,FACULTAD DE INGENIER페,Masculino
Licenciatura,ESCUELA DE COMUNICACI흁,Masculino
Licenciatura,ESDAI,Femenino
Posgrado,FACULTAD DE INGENIER페,Masculino
Licenciatura,FACULTAD DE INGENIER페,Masculino
Licenciatura,FACULTAD DE INGENIER페,Femenino
Licenciatura,ESCUELA DE PEDAGOG폜A,Femenino
Licenciatura,FACULTAD DE CIENCIAS ECON흀ICAS Y EMPRESARIALES,Masculino
Posgrado,FACULTAD DE INGENIER페,Masculino
Licenciatura,FACULTAD DE DERECHO,Femenino
Posgrado,FACULTAD DE DERECHO,Masculino
Licenciatura,FACULTAD DE INGENIER페,Masculino
Posgrado,FACULTAD DE CIENCIAS ECON흀ICAS Y EMPRESARIALES,Masculino
Licenciatura,ESCUELA DE COMUNICACI흁,Masculino
Licenciatura,FACULTAD DE DERECHO,Masculino
Licenciatura,FACULTAD DE INGENIER페,Femenino
Licenciatura,FACULTAD DE CIENCIAS ECON흀ICAS Y EMPRESARIALES,Femenino
Licenciatura,FACULTAD DE INGENIER페,Masculino
Licenciatura,FACULTAD DE CIENCIAS ECON흀ICAS Y EMPRESARIALES,Masculino
Licenciatura,ESCUELA DE PEDAGOG폜A,Femenino
Licenciatura,FACULTAD DE CIENCIAS ECON흀ICAS Y EMPRESARIALES,Masculino
Licenciatura,FACULTAD DE INGENIER페,Masculino
Licenciatura,FACULTAD DE CIENCIAS ECON흀ICAS Y EMPRESARIALES,Femenino
Licenciatura,FACULTAD DE DERECHO,Masculino
Licenciatura,FACULTAD DE DERECHO,Femenino
Posgrado,FACULTAD DE INGENIER페,Masculino
Posgrado,FACULTAD DE DERECHO,Masculino
Licenciatura,FACULTAD DE INGENIER페,Femenino
Licenciatura,FACULTAD DE CIENCIAS ECON흀ICAS Y EMPRESARIALES,Masculino
Licenciatura,FACULTAD DE INGENIER페,Femenino
Licenciatura,FACULTAD DE DERECHO,Masculino
Licenciatura,FACULTAD DE INGENIER페,Masculino
Licenciatura,FACULTAD DE INGENIER페,Femenino
Licenciatura,ESCUELA DE COMUNICACI흁,Femenino
Posgrado,FACULTAD DE CIENCIAS ECON흀ICAS Y EMPRESARIALES,Femenino
Licenciatura,FACULTAD DE CIENCIAS ECON흀ICAS Y EMPRESARIALES,Femenino
Licenciatura,FACULTAD DE DERECHO,Masculino
Licenciatura,FACULTAD DE CIENCIAS ECON흀ICAS Y EMPRESARIALES,Femenino
Licenciatura,FACULTAD DE DERECHO,Femenino
Licenciatura,FACULTAD DE DERECHO,Masculino
Licenciatura,FACULTAD DE CIENCIAS ECON흀ICAS Y EMPRESARIALES,Masculino
Licenciatura,FACULTAD DE CIENCIAS ECON흀ICAS Y EMPRESARIALES,Femenino
Posgrado,FACULTAD DE INGENIER페,Femenino
Licenciatura,FACULTAD DE CIENCIAS ECON흀ICAS Y EMPRESARIALES,Femenino
Posgrado,FACULTAD DE INGENIER페,Femenino
Licenciatura,FACULTAD DE INGENIER페,Femenino
Licenciatura,FACULTAD DE CIENCIAS ECON흀ICAS Y EMPRESARIALES,Femenino
Licenciatura,FACULTAD DE INGENIER페,Femenino
Licenciatura,FACULTAD DE INGENIER페,Masculino
Posgrado,FACULTAD DE CIENCIAS ECON흀ICAS Y EMPRESARIALES,Femenino
Licenciatura,FACULTAD DE CIENCIAS ECON흀ICAS Y EMPRESARIALES,Masculino
Posgrado,FACULTAD DE DERECHO,Masculino
Licenciatura,FACULTAD DE INGENIER페,Masculino
Licenciatura,FACULTAD DE CIENCIAS ECON흀ICAS Y EMPRESARIALES,Femenino
Licenciatura,FACULTAD DE DERECHO,Masculino
Licenciatura,ESCUELA DE PEDAGOG폜A,Femenino
Licenciatura,FACULTAD DE INGENIER페,Masculino
Licenciatura,FACULTAD DE DERECHO,Masculino
Posgrado,FACULTAD DE INGENIER페,Masculino
Licenciatura,FACULTAD DE CIENCIAS ECON흀ICAS Y EMPRESARIALES,Femenino
Licenciatura,FACULTAD DE INGENIER페,Masculino
Licenciatura,FACULTAD DE INGENIER페,Femenino
Licenciatura,FACULTAD DE INGENIER페,Masculino
Licenciatura,FACULTAD DE INGENIER페,Masculino
Licenciatura,FACULTAD DE CIENCIAS ECON흀ICAS Y EMPRESARIALES,Masculino
Licenciatura,FACULTAD DE INGENIER페,Masculino
Licenciatura,FACULTAD DE CIENCIAS ECON흀ICAS Y EMPRESARIALES,Masculino
Licenciatura,FACULTAD DE INGENIER페,Masculino
Licenciatura,FACULTAD DE DERECHO,Femenino
Licenciatura,FACULTAD DE CIENCIAS ECON흀ICAS Y EMPRESARIALES,Femenino
Licenciatura,ESDAI,Femenino
Licenciatura,FACULTAD DE INGENIER페,Femenino
Licenciatura,FACULTAD DE INGENIER페,Masculino
Licenciatura,FACULTAD DE INGENIER페,Femenino
Licenciatura,FACULTAD DE DERECHO,Femenino
Licenciatura,FACULTAD DE DERECHO,Femenino
Licenciatura,FACULTAD DE INGENIER페,Masculino
Licenciatura,FACULTAD DE CIENCIAS ECON흀ICAS Y EMPRESARIALES,Femenino
Licenciatura,FACULTAD DE INGENIER페,Masculino
Posgrado,FACULTAD DE INGENIER페,Masculino
Licenciatura,ESCUELA DE COMUNICACI흁,Femenino
Licenciatura,FACULTAD DE CIENCIAS ECON흀ICAS Y EMPRESARIALES,Masculino
Licenciatura,FACULTAD DE CIENCIAS ECON흀ICAS Y EMPRESARIALES,Femenino
Licenciatura,FACULTAD DE CIENCIAS ECON흀ICAS Y EMPRESARIALES,Femenino
Licenciatura,FACULTAD DE CIENCIAS ECON흀ICAS Y EMPRESARIALES,Masculino
Licenciatura,FACULTAD DE DERECHO,Femenino
Posgrado,ESCUELA DE PEDAGOG폜A,Femenino
Licenciatura,ESCUELA DE PEDAGOG폜A,Femenino
Licenciatura,ESCUELA DE PEDAGOG폜A,Femenino
Licenciatura,FACULTAD DE DERECHO,Masculino
Licenciatura,FACULTAD DE INGENIER페,Femenino
Licenciatura,FACULTAD DE CIENCIAS ECON흀ICAS Y EMPRESARIALES,Femenino
Licenciatura,ESCUELA DE COMUNICACI흁,Masculino
Licenciatura,FACULTAD DE DERECHO,Femenino
Licenciatura,FACULTAD DE INGENIER페,Masculino
Licenciatura,FACULTAD DE CIENCIAS ECON흀ICAS Y EMPRESARIALES,Masculino
Licenciatura,FACULTAD DE CIENCIAS ECON흀ICAS Y EMPRESARIALES,Masculino
Licenciatura,ESDAI,Femenino
Licenciatura,FACULTAD DE CIENCIAS ECON흀ICAS Y EMPRESARIALES,Masculino
Posgrado,FACULTAD DE INGENIER페,Masculino
Licenciatura,FACULTAD DE CIENCIAS ECON흀ICAS Y EMPRESARIALES,Masculino
Licenciatura,FACULTAD DE CIENCIAS ECON흀ICAS Y EMPRESARIALES,Masculino
Licenciatura,FACULTAD DE INGENIER페,Femenino
Licenciatura,FACULTAD DE DERECHO,Masculino
Licenciatura,FACULTAD DE CIENCIAS ECON흀ICAS Y EMPRESARIALES,Femenino
Licenciatura,FACULTAD DE CIENCIAS ECON흀ICAS Y EMPRESARIALES,Femenino
Licenciatura,FACULTAD DE CIENCIAS ECON흀ICAS Y EMPRESARIALES,Masculino
Licenciatura,FACULTAD DE CIENCIAS ECON흀ICAS Y EMPRESARIALES,Masculino
Licenciatura,FACULTAD DE CIENCIAS ECON흀ICAS Y EMPRESARIALES,Masculino
Licenciatura,FACULTAD DE CIENCIAS ECON흀ICAS Y EMPRESARIALES,Masculino
Licenciatura,FACULTAD DE DERECHO,Femenino
Licenciatura,FACULTAD DE INGENIER페,Masculino
Licenciatura,FACULTAD DE CIENCIAS ECON흀ICAS Y EMPRESARIALES,Femenino
Licenciatura,FACULTAD DE CIENCIAS ECON흀ICAS Y EMPRESARIALES,Femenino
Licenciatura,ESCUELA DE COMUNICACI흁,Femenino
Licenciatura,FACULTAD DE CIENCIAS ECON흀ICAS Y EMPRESARIALES,Femenino
Licenciatura,FACULTAD DE CIENCIAS ECON흀ICAS Y EMPRESARIALES,Femenino
Licenciatura,FACULTAD DE CIENCIAS ECON흀ICAS Y EMPRESARIALES,Masculino
Licenciatura,FACULTAD DE INGENIER페,Masculino
Licenciatura,FACULTAD DE CIENCIAS ECON흀ICAS Y EMPRESARIALES,Femenino
Licenciatura,FACULTAD DE INGENIER페,Masculino
Posgrado,FACULTAD DE INGENIER페,Femenino
Licenciatura,FACULTAD DE INGENIER페,Masculino
Licenciatura,FACULTAD DE INGENIER페,Masculino
Licenciatura,FACULTAD DE DERECHO,Femenino
Licenciatura,FACULTAD DE INGENIER페,Femenino
Licenciatura,FACULTAD DE CIENCIAS ECON흀ICAS Y EMPRESARIALES,Masculino
Licenciatura,FACULTAD DE INGENIER페,Femenino
Licenciatura,FACULTAD DE CIENCIAS ECON흀ICAS Y EMPRESARIALES,Femenino
Licenciatura,FACULTAD DE CIENCIAS ECON흀ICAS Y EMPRESARIALES,Femenino
Licenciatura,FACULTAD DE DERECHO,Masculino
Licenciatura,FACULTAD DE INGENIER페,Femenino
Licenciatura,FACULTAD DE INGENIER페,Masculino
Licenciatura,FACULTAD DE INGENIER페,Masculino
Licenciatura,FACULTAD DE CIENCIAS ECON흀ICAS Y EMPRESARIALES,Masculino
Licenciatura,ESCUELA DE COMUNICACI흁,Femenino
Posgrado,FACULTAD DE DERECHO,Femenino
Licenciatura,ESCUELA DE COMUNICACI흁,Femenino
Licenciatura,FACULTAD DE DERECHO,Femenino
Licenciatura,ESDAI,Femenino
Licenciatura,FACULTAD DE INGENIER페,Masculino
Licenciatura,ESDAI,Femenino
Licenciatura,ESCUELA DE COMUNICACI흁,Masculino
Posgrado,ESCUELA DE PEDAGOG폜A,Femenino
Licenciatura,FACULTAD DE INGENIER페,Femenino
Licenciatura,FACULTAD DE CIENCIAS ECON흀ICAS Y EMPRESARIALES,Femenino
Licenciatura,FACULTAD DE INGENIER페,Femenino
Licenciatura,ESCUELA DE PEDAGOG폜A,Femenino
Licenciatura,FACULTAD DE CIENCIAS ECON흀ICAS Y EMPRESARIALES,Femenino
Posgrado,FACULTAD DE INGENIER페,Masculino
Posgrado,FACULTAD DE CIENCIAS ECON흀ICAS Y EMPRESARIALES,Masculino
Posgrado,FACULTAD DE CIENCIAS ECON흀ICAS Y EMPRESARIALES,Masculino
Posgrado,ESDAI,Femenino
Licenciatura,FACULTAD DE CIENCIAS ECON흀ICAS Y EMPRESARIALES,Masculino
Licenciatura,FACULTAD DE INGENIER페,Masculino
Licenciatura,ESCUELA DE COMUNICACI흁,Femenino
Licenciatura,FACULTAD DE CIENCIAS ECON흀ICAS Y EMPRESARIALES,Femenino
Licenciatura,FACULTAD DE CIENCIAS ECON흀ICAS Y EMPRESARIALES,Femenino
Licenciatura,FACULTAD DE DERECHO,Femenino
Licenciatura,FACULTAD DE CIENCIAS ECON흀ICAS Y EMPRESARIALES,Femenino
Licenciatura,FACULTAD DE CIENCIAS ECON흀ICAS Y EMPRESARIALES,Masculino
Licenciatura,FACULTAD DE DERECHO,Masculino
Licenciatura,FACULTAD DE DERECHO,Femenino
Licenciatura,FACULTAD DE INGENIER페,Masculino
Posgrado,FACULTAD DE DERECHO,Masculino
Licenciatura,FACULTAD DE INGENIER페,Femenino
Licenciatura,ESCUELA DE PEDAGOG폜A,Masculino
Licenciatura,FACULTAD DE DERECHO,Femenino
Posgrado,FACULTAD DE DERECHO,Femenino
Licenciatura,ESDAI,Femenino
Licenciatura,FACULTAD DE INGENIER페,Femenino
Licenciatura,FACULTAD DE CIENCIAS ECON흀ICAS Y EMPRESARIALES,Masculino
Licenciatura,FACULTAD DE CIENCIAS ECON흀ICAS Y EMPRESARIALES,Masculino
Licenciatura,FACULTAD DE CIENCIAS ECON흀ICAS Y EMPRESARIALES,Masculino
Licenciatura,FACULTAD DE DERECHO,Femenino
Licenciatura,FACULTAD DE CIENCIAS ECON흀ICAS Y EMPRESARIALES,Masculino
Licenciatura,FACULTAD DE CIENCIAS ECON흀ICAS Y EMPRESARIALES,Femenino
Licenciatura,FACULTAD DE INGENIER페,Femenino
Licenciatura,FACULTAD DE CIENCIAS ECON흀ICAS Y EMPRESARIALES,Masculino
Licenciatura,FACULTAD DE CIENCIAS ECON흀ICAS Y EMPRESARIALES,Femenino
Posgrado,FACULTAD DE INGENIER페,Masculino
Licenciatura,FACULTAD DE INGENIER페,Masculino
Posgrado,FACULTAD DE INGENIER페,Femenino
Licenciatura,FACULTAD DE INGENIER페,Masculino
Posgrado,FACULTAD DE DERECHO,Masculino
Licenciatura,FACULTAD DE INGENIER페,Femenino
Licenciatura,FACULTAD DE INGENIER페,Femenino
Licenciatura,FACULTAD DE DERECHO,Femenino
Licenciatura,FACULTAD DE INGENIER페,Femenino
Licenciatura,ESDAI,Femenino
Licenciatura,FACULTAD DE CIENCIAS ECON흀ICAS Y EMPRESARIALES,Femenino
Licenciatura,FACULTAD DE INGENIER페,Masculino
Posgrado,FACULTAD DE INGENIER페,Femenino
Licenciatura,FACULTAD DE INGENIER페,Masculino
Licenciatura,FACULTAD DE INGENIER페,Masculino
Licenciatura,FACULTAD DE DERECHO,Femenino
Licenciatura,ESCUELA DE COMUNICACI흁,Femenino
Licenciatura,FACULTAD DE INGENIER페,Masculino
Posgrado,FACULTAD DE CIENCIAS ECON흀ICAS Y EMPRESARIALES,Femenino
Licenciatura,FACULTAD DE DERECHO,Masculino
Licenciatura,FACULTAD DE CIENCIAS ECON흀ICAS Y EMPRESARIALES,Masculino
Licenciatura,FACULTAD DE CIENCIAS ECON흀ICAS Y EMPRESARIALES,Masculino
Licenciatura,FACULTAD DE INGENIER페,Masculino
Licenciatura,FACULTAD DE INGENIER페,Masculino
Licenciatura,FACULTAD DE DERECHO,Masculino
Licenciatura,FACULTAD DE CIENCIAS ECON흀ICAS Y EMPRESARIALES,Masculino
Licenciatura,FACULTAD DE DERECHO,Masculino
Licenciatura,FACULTAD DE CIENCIAS ECON흀ICAS Y EMPRESARIALES,Femenino
Licenciatura,FACULTAD DE INGENIER페,Masculino
Licenciatura,FACULTAD DE CIENCIAS ECON흀ICAS Y EMPRESARIALES,Femenino
Licenciatura,FACULTAD DE INGENIER페,Masculino
Posgrado,FACULTAD DE INGENIER페,Masculino
Licenciatura,ESDAI,Femenino
Licenciatura,FACULTAD DE CIENCIAS ECON흀ICAS Y EMPRESARIALES,Femenino
Licenciatura,FACULTAD DE CIENCIAS ECON흀ICAS Y EMPRESARIALES,Masculino
Posgrado,FACULTAD DE CIENCIAS ECON흀ICAS Y EMPRESARIALES,Masculino
Licenciatura,FACULTAD DE DERECHO,Femenino
Licenciatura,FACULTAD DE CIENCIAS ECON흀ICAS Y EMPRESARIALES,Masculino
Licenciatura,FACULTAD DE CIENCIAS ECON흀ICAS Y EMPRESARIALES,Femenino
Posgrado,ESCUELA DE PEDAGOG폜A,Femenino
Posgrado,FACULTAD DE CIENCIAS ECON흀ICAS Y EMPRESARIALES,Femenino
Posgrado,FACULTAD DE INGENIER페,Femenino
Licenciatura,ESDAI,Femenino
Licenciatura,FACULTAD DE CIENCIAS ECON흀ICAS Y EMPRESARIALES,Femenino
Licenciatura,ESCUELA DE COMUNICACI흁,Femenino
Licenciatura,FACULTAD DE INGENIER페,Masculino
Licenciatura,FACULTAD DE INGENIER페,Femenino
Licenciatura,FACULTAD DE CIENCIAS ECON흀ICAS Y EMPRESARIALES,Masculino
Licenciatura,FACULTAD DE DERECHO,Masculino
Licenciatura,FACULTAD DE CIENCIAS ECON흀ICAS Y EMPRESARIALES,Masculino
Posgrado,FACULTAD DE DERECHO,Femenino
Posgrado,FACULTAD DE DERECHO,Femenino
Licenciatura,FACULTAD DE DERECHO,Masculino
Licenciatura,FACULTAD DE CIENCIAS ECON흀ICAS Y EMPRESARIALES,Masculino
Posgrado,FACULTAD DE INGENIER페,Masculino
Licenciatura,FACULTAD DE CIENCIAS ECON흀ICAS Y EMPRESARIALES,Femenino
Posgrado,FACULTAD DE INGENIER페,Masculino
Licenciatura,FACULTAD DE CIENCIAS ECON흀ICAS Y EMPRESARIALES,Femenino
Licenciatura,FACULTAD DE CIENCIAS ECON흀ICAS Y EMPRESARIALES,Masculino
Licenciatura,FACULTAD DE CIENCIAS ECON흀ICAS Y EMPRESARIALES,Masculino
Licenciatura,FACULTAD DE INGENIER페,Masculino
Licenciatura,FACULTAD DE CIENCIAS ECON흀ICAS Y EMPRESARIALES,Masculino
Licenciatura,FACULTAD DE DERECHO,Femenino
Licenciatura,FACULTAD DE CIENCIAS ECON흀ICAS Y EMPRESARIALES,Masculino
Licenciatura,FACULTAD DE INGENIER페,Masculino
Licenciatura,FACULTAD DE INGENIER페,Masculino
Posgrado,FACULTAD DE DERECHO,Masculino
Licenciatura,ESCUELA DE PEDAGOG폜A,Femenino
Licenciatura,FACULTAD DE CIENCIAS ECON흀ICAS Y EMPRESARIALES,Femenino
Licenciatura,FACULTAD DE CIENCIAS ECON흀ICAS Y EMPRESARIALES,Masculino
Licenciatura,FACULTAD DE CIENCIAS ECON흀ICAS Y EMPRESARIALES,Masculino
Licenciatura,FACULTAD DE CIENCIAS ECON흀ICAS Y EMPRESARIALES,Masculino
Licenciatura,FACULTAD DE CIENCIAS ECON흀ICAS Y EMPRESARIALES,Femenino
Posgrado,FACULTAD DE INGENIER페,Masculino
Licenciatura,FACULTAD DE INGENIER페,Masculino
Licenciatura,FACULTAD DE CIENCIAS ECON흀ICAS Y EMPRESARIALES,Masculino
Licenciatura,FACULTAD DE INGENIER페,Masculino
Licenciatura,FACULTAD DE CIENCIAS ECON흀ICAS Y EMPRESARIALES,Masculino
Licenciatura,FACULTAD DE INGENIER페,Masculino
Posgrado,FACULTAD DE CIENCIAS ECON흀ICAS Y EMPRESARIALES,Masculino
Licenciatura,FACULTAD DE CIENCIAS ECON흀ICAS Y EMPRESARIALES,Masculino
Posgrado,FACULTAD DE INGENIER페,Masculino
Licenciatura,ESCUELA DE COMUNICACI흁,Femenino
Licenciatura,FACULTAD DE DERECHO,Masculino
Licenciatura,ESCUELA DE PEDAGOG폜A,Femenino
Licenciatura,FACULTAD DE DERECHO,Masculino
Posgrado,FACULTAD DE INGENIER페,Femenino
Licenciatura,ESCUELA DE COMUNICACI흁,Femenino
Licenciatura,FACULTAD DE CIENCIAS ECON흀ICAS Y EMPRESARIALES,Femenino
Posgrado,ESDAI,Femenino
Posgrado,FACULTAD DE INGENIER페,Femenino
Licenciatura,ESCUELA DE COMUNICACI흁,Masculino
Licenciatura,ESDAI,Femenino
Licenciatura,FACULTAD DE CIENCIAS ECON흀ICAS Y EMPRESARIALES,Femenino
Licenciatura,FACULTAD DE DERECHO,Femenino
Posgrado,FACULTAD DE INGENIER페,Masculino
Licenciatura,FACULTAD DE CIENCIAS ECON흀ICAS Y EMPRESARIALES,Femenino
Licenciatura,FACULTAD DE CIENCIAS ECON흀ICAS Y EMPRESARIALES,Femenino
Licenciatura,FACULTAD DE INGENIER페,Masculino
Licenciatura,FACULTAD DE INGENIER페,Femenino
Posgrado,FACULTAD DE INGENIER페,Masculino
Licenciatura,FACULTAD DE INGENIER페,Femenino
Licenciatura,FACULTAD DE CIENCIAS ECON흀ICAS Y EMPRESARIALES,Femenino
Licenciatura,FACULTAD DE CIENCIAS ECON흀ICAS Y EMPRESARIALES,Femenino
Licenciatura,FACULTAD DE CIENCIAS ECON흀ICAS Y EMPRESARIALES,Femenino
Posgrado,FACULTAD DE DERECHO,Femenino
Licenciatura,FACULTAD DE CIENCIAS ECON흀ICAS Y EMPRESARIALES,Femenino
Licenciatura,FACULTAD DE CIENCIAS ECON흀ICAS Y EMPRESARIALES,Femenino
Licenciatura,FACULTAD DE CIENCIAS ECON흀ICAS Y EMPRESARIALES,Femenino
Licenciatura,ESCUELA DE COMUNICACI흁,Masculino
Licenciatura,ESCUELA DE COMUNICACI흁,Femenino
Posgrado,FACULTAD DE INGENIER페,Masculino
Licenciatura,FACULTAD DE DERECHO,Masculino
Posgrado,FACULTAD DE DERECHO,Masculino
Licenciatura,FACULTAD DE CIENCIAS ECON흀ICAS Y EMPRESARIALES,Masculino
Licenciatura,FACULTAD DE CIENCIAS ECON흀ICAS Y EMPRESARIALES,Masculino
Licenciatura,FACULTAD DE CIENCIAS ECON흀ICAS Y EMPRESARIALES,Femenino
Licenciatura,FACULTAD DE CIENCIAS ECON흀ICAS Y EMPRESARIALES,Masculino
Posgrado,FACULTAD DE CIENCIAS ECON흀ICAS Y EMPRESARIALES,Femenino
Licenciatura,FACULTAD DE INGENIER페,Femenino
Licenciatura,FACULTAD DE CIENCIAS ECON흀ICAS Y EMPRESARIALES,Femenino
Licenciatura,FACULTAD DE CIENCIAS ECON흀ICAS Y EMPRESARIALES,Masculino
Licenciatura,FACULTAD DE CIENCIAS ECON흀ICAS Y EMPRESARIALES,Masculino
Licenciatura,ESCUELA DE COMUNICACI흁,Femenino
Licenciatura,FACULTAD DE INGENIER페,Femenino
Licenciatura,FACULTAD DE CIENCIAS ECON흀ICAS Y EMPRESARIALES,Femenino
Licenciatura,FACULTAD DE CIENCIAS ECON흀ICAS Y EMPRESARIALES,Femenino
Licenciatura,FACULTAD DE INGENIER페,Femenino
Licenciatura,FACULTAD DE DERECHO,Femenino
Licenciatura,ESCUELA DE PEDAGOG폜A,Femenino
Licenciatura,FACULTAD DE CIENCIAS ECON흀ICAS Y EMPRESARIALES,Masculino
Licenciatura,FACULTAD DE INGENIER페,Masculino
Licenciatura,FACULTAD DE INGENIER페,Masculino
Licenciatura,FACULTAD DE INGENIER페,Femenino
Licenciatura,FACULTAD DE CIENCIAS ECON흀ICAS Y EMPRESARIALES,Masculino
Licenciatura,FACULTAD DE INGENIER페,Masculino
Licenciatura,FACULTAD DE INGENIER페,Masculino
Posgrado,FACULTAD DE CIENCIAS ECON흀ICAS Y EMPRESARIALES,Masculino
Licenciatura,FACULTAD DE INGENIER페,Masculino
Licenciatura,FACULTAD DE CIENCIAS ECON흀ICAS Y EMPRESARIALES,Femenino
Licenciatura,FACULTAD DE INGENIER페,Masculino
Licenciatura,FACULTAD DE CIENCIAS ECON흀ICAS Y EMPRESARIALES,Masculino
Posgrado,FACULTAD DE INGENIER페,Masculino
Licenciatura,FACULTAD DE CIENCIAS ECON흀ICAS Y EMPRESARIALES,Femenino
Licenciatura,FACULTAD DE INGENIER페,Femenino
Licenciatura,FACULTAD DE INGENIER페,Masculino
Licenciatura,FACULTAD DE CIENCIAS ECON흀ICAS Y EMPRESARIALES,Masculino
Licenciatura,FACULTAD DE CIENCIAS ECON흀ICAS Y EMPRESARIALES,Masculino
Licenciatura,FACULTAD DE INGENIER페,Femenino
Licenciatura,FACULTAD DE INGENIER페,Masculino
Licenciatura,FACULTAD DE INGENIER페,Masculino
Licenciatura,FACULTAD DE DERECHO,Masculino
Licenciatura,FACULTAD DE DERECHO,Femenino
Licenciatura,FACULTAD DE CIENCIAS ECON흀ICAS Y EMPRESARIALES,Masculino
Licenciatura,FACULTAD DE INGENIER페,Masculino
Licenciatura,ESCUELA DE PEDAGOG폜A,Femenino
Posgrado,FACULTAD DE INGENIER페,Femenino
Licenciatura,FACULTAD DE INGENIER페,Masculino
Licenciatura,FACULTAD DE DERECHO,Femenino
Licenciatura,ESDAI,Femenino
Posgrado,FACULTAD DE CIENCIAS ECON흀ICAS Y EMPRESARIALES,Masculino
Posgrado,FACULTAD DE INGENIER페,Masculino
Licenciatura,FACULTAD DE DERECHO,Masculino
Licenciatura,FACULTAD DE INGENIER페,Masculino
Licenciatura,FACULTAD DE CIENCIAS ECON흀ICAS Y EMPRESARIALES,Masculino
Licenciatura,FACULTAD DE CIENCIAS ECON흀ICAS Y EMPRESARIALES,Masculino
Licenciatura,FACULTAD DE CIENCIAS ECON흀ICAS Y EMPRESARIALES,Femenino
Licenciatura,FACULTAD DE CIENCIAS ECON흀ICAS Y EMPRESARIALES,Masculino
Licenciatura,FACULTAD DE CIENCIAS ECON흀ICAS Y EMPRESARIALES,Masculino
Licenciatura,FACULTAD DE INGENIER페,Masculino
Licenciatura,FACULTAD DE INGENIER페,Femenino
Licenciatura,FACULTAD DE CIENCIAS ECON흀ICAS Y EMPRESARIALES,Masculino
Licenciatura,FACULTAD DE DERECHO,Femenino
Licenciatura,FACULTAD DE INGENIER페,Masculino
Licenciatura,FACULTAD DE CIENCIAS ECON흀ICAS Y EMPRESARIALES,Masculino
Licenciatura,FACULTAD DE CIENCIAS ECON흀ICAS Y EMPRESARIALES,Femenino
Licenciatura,FACULTAD DE DERECHO,Femenino
Posgrado,FACULTAD DE CIENCIAS ECON흀ICAS Y EMPRESARIALES,Femenino
Licenciatura,FACULTAD DE DERECHO,Femenino
Licenciatura,FACULTAD DE INGENIER페,Masculino
Licenciatura,FACULTAD DE CIENCIAS ECON흀ICAS Y EMPRESARIALES,Femenino
Licenciatura,FACULTAD DE INGENIER페,Masculino
Licenciatura,ESCUELA DE COMUNICACI흁,Femenino
Licenciatura,FACULTAD DE INGENIER페,Femenino
Licenciatura,FACULTAD DE DERECHO,Femenino
Licenciatura,FACULTAD DE INGENIER페,Masculino
Licenciatura,FACULTAD DE CIENCIAS ECON흀ICAS Y EMPRESARIALES,Femenino
Licenciatura,FACULTAD DE CIENCIAS ECON흀ICAS Y EMPRESARIALES,Femenino
Licenciatura,FACULTAD DE INGENIER페,Masculino
Posgrado,FACULTAD DE INGENIER페,Femenino
Licenciatura,FACULTAD DE CIENCIAS ECON흀ICAS Y EMPRESARIALES,Femenino
Licenciatura,FACULTAD DE CIENCIAS ECON흀ICAS Y EMPRESARIALES,Femenino
Licenciatura,FACULTAD DE INGENIER페,Femenino
Licenciatura,ESCUELA DE PEDAGOG폜A,Femenino
Licenciatura,ESCUELA DE COMUNICACI흁,Femenino
Licenciatura,ESCUELA DE COMUNICACI흁,Masculino
Licenciatura,FACULTAD DE CIENCIAS ECON흀ICAS Y EMPRESARIALES,Femenino
Licenciatura,FACULTAD DE CIENCIAS ECON흀ICAS Y EMPRESARIALES,Femenino
Licenciatura,FACULTAD DE INGENIER페,Masculino
Licenciatura,FACULTAD DE INGENIER페,Femenino
Licenciatura,FACULTAD DE INGENIER페,Femenino
Licenciatura,FACULTAD DE INGENIER페,Femenino
Licenciatura,FACULTAD DE CIENCIAS ECON흀ICAS Y EMPRESARIALES,Masculino
Licenciatura,FACULTAD DE CIENCIAS ECON흀ICAS Y EMPRESARIALES,Masculino
Licenciatura,FACULTAD DE DERECHO,Masculino
Licenciatura,FACULTAD DE CIENCIAS ECON흀ICAS Y EMPRESARIALES,Femenino
Licenciatura,FACULTAD DE INGENIER페,Femenino
Licenciatura,FACULTAD DE DERECHO,Masculino
Licenciatura,FACULTAD DE DERECHO,Femenino
Posgrado,FACULTAD DE INGENIER페,Femenino
Licenciatura,FACULTAD DE INGENIER페,Masculino
Posgrado,ESDAI,Femenino
Licenciatura,FACULTAD DE DERECHO,Masculino
Licenciatura,ESDAI,Femenino
Posgrado,FACULTAD DE INGENIER페,Femenino
Posgrado,FACULTAD DE INGENIER페,Femenino
Licenciatura,FACULTAD DE CIENCIAS ECON흀ICAS Y EMPRESARIALES,Femenino
Licenciatura,FACULTAD DE CIENCIAS ECON흀ICAS Y EMPRESARIALES,Femenino
Licenciatura,FACULTAD DE INGENIER페,Femenino
Posgrado,ESCUELA DE COMUNICACI흁,Femenino
Licenciatura,FACULTAD DE INGENIER페,Masculino
Posgrado,FACULTAD DE DERECHO,Femenino
Licenciatura,FACULTAD DE INGENIER페,Femenino
Licenciatura,FACULTAD DE CIENCIAS ECON흀ICAS Y EMPRESARIALES,Femenino
Licenciatura,FACULTAD DE CIENCIAS ECON흀ICAS Y EMPRESARIALES,Femenino
Licenciatura,FACULTAD DE INGENIER페,Masculino
Licenciatura,ESDAI,Femenino
Licenciatura,FACULTAD DE INGENIER페,Masculino
Licenciatura,FACULTAD DE DERECHO,Femenino
Posgrado,FACULTAD DE CIENCIAS ECON흀ICAS Y EMPRESARIALES,Masculino
Licenciatura,FACULTAD DE DERECHO,Femenino
Licenciatura,FACULTAD DE CIENCIAS ECON흀ICAS Y EMPRESARIALES,Masculino
Licenciatura,FACULTAD DE CIENCIAS ECON흀ICAS Y EMPRESARIALES,Masculino
Licenciatura,FACULTAD DE DERECHO,Masculino
Licenciatura,FACULTAD DE CIENCIAS ECON흀ICAS Y EMPRESARIALES,Masculino
Licenciatura,FACULTAD DE INGENIER페,Masculino
Licenciatura,FACULTAD DE CIENCIAS ECON흀ICAS Y EMPRESARIALES,Masculino
Licenciatura,FACULTAD DE CIENCIAS ECON흀ICAS Y EMPRESARIALES,Masculino
Licenciatura,FACULTAD DE CIENCIAS ECON흀ICAS Y EMPRESARIALES,Masculino
Posgrado,FACULTAD DE INGENIER페,Masculino
Licenciatura,FACULTAD DE CIENCIAS ECON흀ICAS Y EMPRESARIALES,Masculino
Licenciatura,FACULTAD DE INGENIER페,Femenino
Licenciatura,FACULTAD DE DERECHO,Masculino
Posgrado,FACULTAD DE CIENCIAS ECON흀ICAS Y EMPRESARIALES,Masculino
Licenciatura,FACULTAD DE DERECHO,Femenino
Licenciatura,FACULTAD DE CIENCIAS ECON흀ICAS Y EMPRESARIALES,Masculino
Licenciatura,FACULTAD DE CIENCIAS ECON흀ICAS Y EMPRESARIALES,Femenino
Licenciatura,FACULTAD DE DERECHO,Masculino
Licenciatura,FACULTAD DE CIENCIAS ECON흀ICAS Y EMPRESARIALES,Femenino
Licenciatura,FACULTAD DE DERECHO,Masculino
Licenciatura,FACULTAD DE INGENIER페,Femenino
Posgrado,FACULTAD DE INGENIER페,Femenino
Posgrado,FACULTAD DE INGENIER페,Masculino
Licenciatura,FACULTAD DE CIENCIAS ECON흀ICAS Y EMPRESARIALES,Masculino
Licenciatura,FACULTAD DE CIENCIAS ECON흀ICAS Y EMPRESARIALES,Masculino
Licenciatura,FACULTAD DE CIENCIAS ECON흀ICAS Y EMPRESARIALES,Femenino
Licenciatura,FACULTAD DE INGENIER페,Femenino
Licenciatura,FACULTAD DE INGENIER페,Femenino
Licenciatura,ESCUELA DE PEDAGOG폜A,Femenino
Licenciatura,FACULTAD DE CIENCIAS ECON흀ICAS Y EMPRESARIALES,Femenino
Licenciatura,FACULTAD DE DERECHO,Femenino
Licenciatura,FACULTAD DE INGENIER페,Masculino
Licenciatura,FACULTAD DE CIENCIAS ECON흀ICAS Y EMPRESARIALES,Masculino
Licenciatura,ESCUELA DE COMUNICACI흁,Femenino
Posgrado,FACULTAD DE INGENIER페,Masculino
Licenciatura,FACULTAD DE DERECHO,Masculino
Licenciatura,FACULTAD DE INGENIER페,Masculino
Licenciatura,ESCUELA DE COMUNICACI흁,Femenino
Licenciatura,FACULTAD DE CIENCIAS ECON흀ICAS Y EMPRESARIALES,Femenino
Posgrado,FACULTAD DE DERECHO,Masculino
Licenciatura,FACULTAD DE DERECHO,Masculino
Licenciatura,FACULTAD DE CIENCIAS ECON흀ICAS Y EMPRESARIALES,Femenino
Licenciatura,ESCUELA DE COMUNICACI흁,Femenino
Licenciatura,FACULTAD DE INGENIER페,Femenino
Licenciatura,FACULTAD DE CIENCIAS ECON흀ICAS Y EMPRESARIALES,Masculino
Posgrado,FACULTAD DE INGENIER페,Masculino
Licenciatura,FACULTAD DE INGENIER페,Femenino
Licenciatura,FACULTAD DE CIENCIAS ECON흀ICAS Y EMPRESARIALES,Masculino
Licenciatura,FACULTAD DE INGENIER페,Femenino
Licenciatura,FACULTAD DE INGENIER페,Masculino
Posgrado,FACULTAD DE INGENIER페,Femenino
Licenciatura,FACULTAD DE DERECHO,Masculino
Licenciatura,FACULTAD DE DERECHO,Masculino
Licenciatura,ESCUELA DE PEDAGOG폜A,Femenino
Licenciatura,ESCUELA DE PEDAGOG폜A,Femenino
Licenciatura,FACULTAD DE DERECHO,Femenino
Licenciatura,FACULTAD DE CIENCIAS ECON흀ICAS Y EMPRESARIALES,Masculino
Licenciatura,FACULTAD DE INGENIER페,Masculino
Licenciatura,FACULTAD DE CIENCIAS ECON흀ICAS Y EMPRESARIALES,Masculino
Licenciatura,ESCUELA DE COMUNICACI흁,Masculino
Licenciatura,FACULTAD DE INGENIER페,Masculino
Licenciatura,FACULTAD DE CIENCIAS ECON흀ICAS Y EMPRESARIALES,Masculino
Licenciatura,FACULTAD DE INGENIER페,Masculino
Posgrado,FACULTAD DE CIENCIAS ECON흀ICAS Y EMPRESARIALES,Masculino
Licenciatura,FACULTAD DE DERECHO,Femenino
Licenciatura,FACULTAD DE INGENIER페,Masculino
Licenciatura,ESCUELA DE COMUNICACI흁,Femenino
Posgrado,FACULTAD DE INGENIER페,Masculino
Licenciatura,ESCUELA DE COMUNICACI흁,Masculino
Licenciatura,FACULTAD DE CIENCIAS ECON흀ICAS Y EMPRESARIALES,Femenino
Licenciatura,ESCUELA DE COMUNICACI흁,Femenino
Licenciatura,FACULTAD DE INGENIER페,Masculino
Licenciatura,FACULTAD DE INGENIER페,Masculino
Licenciatura,FACULTAD DE INGENIER페,Femenino
Licenciatura,FACULTAD DE CIENCIAS ECON흀ICAS Y EMPRESARIALES,Femenino
Licenciatura,FACULTAD DE INGENIER페,Femenino
Licenciatura,ESCUELA DE COMUNICACI흁,Femenino
Licenciatura,FACULTAD DE INGENIER페,Masculino
Licenciatura,FACULTAD DE CIENCIAS ECON흀ICAS Y EMPRESARIALES,Femenino
Licenciatura,FACULTAD DE INGENIER페,Masculino
Licenciatura,ESCUELA DE COMUNICACI흁,Masculino
Licenciatura,FACULTAD DE INGENIER페,Femenino
Licenciatura,FACULTAD DE INGENIER페,Femenino
Licenciatura,FACULTAD DE DERECHO,Femenino
Licenciatura,FACULTAD DE CIENCIAS ECON흀ICAS Y EMPRESARIALES,Femenino
Licenciatura,FACULTAD DE CIENCIAS ECON흀ICAS Y EMPRESARIALES,Masculino
Licenciatura,FACULTAD DE CIENCIAS ECON흀ICAS Y EMPRESARIALES,Masculino
Licenciatura,FACULTAD DE DERECHO,Femenino
Posgrado,FACULTAD DE INGENIER페,Masculino
Licenciatura,FACULTAD DE CIENCIAS ECON흀ICAS Y EMPRESARIALES,Masculino
Licenciatura,FACULTAD DE DERECHO,Masculino
Posgrado,FACULTAD DE CIENCIAS ECON흀ICAS Y EMPRESARIALES,Masculino
Licenciatura,FACULTAD DE INGENIER페,Femenino
Licenciatura,FACULTAD DE INGENIER페,Masculino
Licenciatura,FACULTAD DE CIENCIAS ECON흀ICAS Y EMPRESARIALES,Femenino
Licenciatura,FACULTAD DE CIENCIAS ECON흀ICAS Y EMPRESARIALES,Masculino
Licenciatura,FACULTAD DE CIENCIAS ECON흀ICAS Y EMPRESARIALES,Masculino
Licenciatura,FACULTAD DE INGENIER페,Masculino
Licenciatura,FACULTAD DE DERECHO,Masculino
Licenciatura,FACULTAD DE INGENIER페,Masculino
Licenciatura,FACULTAD DE INGENIER페,Femenino
Licenciatura,ESCUELA DE COMUNICACI흁,Femenino
Licenciatura,FACULTAD DE INGENIER페,Masculino
Licenciatura,ESDAI,Femenino
Licenciatura,FACULTAD DE INGENIER페,Masculino
Licenciatura,FACULTAD DE CIENCIAS ECON흀ICAS Y EMPRESARIALES,Femenino
Licenciatura,ESCUELA DE COMUNICACI흁,Femenino
Licenciatura,FACULTAD DE CIENCIAS ECON흀ICAS Y EMPRESARIALES,Femenino
Licenciatura,FACULTAD DE INGENIER페,Masculino
Licenciatura,FACULTAD DE CIENCIAS ECON흀ICAS Y EMPRESARIALES,Femenino
Licenciatura,FACULTAD DE DERECHO,Masculino
Licenciatura,FACULTAD DE CIENCIAS ECON흀ICAS Y EMPRESARIALES,Femenino
Licenciatura,FACULTAD DE INGENIER페,Masculino
Licenciatura,FACULTAD DE CIENCIAS ECON흀ICAS Y EMPRESARIALES,Masculino
Licenciatura,FACULTAD DE CIENCIAS ECON흀ICAS Y EMPRESARIALES,Femenino
Licenciatura,FACULTAD DE CIENCIAS ECON흀ICAS Y EMPRESARIALES,Masculino
Licenciatura,ESDAI,Femenino
Licenciatura,ESDAI,Femenino
Licenciatura,FACULTAD DE INGENIER페,Femenino
Licenciatura,ESCUELA DE PEDAGOG폜A,Femenino
Licenciatura,ESCUELA DE COMUNICACI흁,Femenino
Licenciatura,FACULTAD DE DERECHO,Masculino
Licenciatura,FACULTAD DE DERECHO,Masculino
Licenciatura,FACULTAD DE INGENIER페,Masculino
Licenciatura,FACULTAD DE INGENIER페,Masculino
Licenciatura,FACULTAD DE CIENCIAS ECON흀ICAS Y EMPRESARIALES,
Licenciatura,FACULTAD DE INGENIER페,
